type,firstname,lastname,pesel,height,weight,email,8,9,10,11
STUDENT,Ardenia,Shelba,192606300237,228,101,Ardenia.Shelba939d@yebaccvs.com,University B,5,Biology,3162.03
STUDENT,Brana,Sothena,260416087407,146,68,Brana.Sothena796z@yebaccvs.com,University C,1,Engineering,3841.25
STUDENT,Raquela,Ader,012404808660,192,90,Raquela.Ader781b@yebaccvs.com,University A,3,Business,1272.41
STUDENT,Laurene,Terrence,530616175663,184,72,Laurene.Terrence484h@yebaccvs.com,University B,3,Engineering,4269.68
PENSIONER,Tomasina,Romelda,082605540993,140,74,Tomasina.Romelda358k@yebaccvs.com,4911.84,36,,
STUDENT,Shel,Wadell,192226822132,108,61,Shel.Wadell314c@yebaccvs.com,University C,2,Engineering,4858.58
STUDENT,Kary,Travax,142916729127,184,56,Kary.Travax167l@yebaccvs.com,University B,2,Business,1805.83
STUDENT,Lorenza,Alarise,440102449202,217,37,Lorenza.Alarise457u@yebaccvs.com,University C,1,Mathematics,1273.26
PENSIONER,Giustina,Albertine,163105931017,219,146,Giustina.Albertine231v@yebaccvs.com,1427.88,31,,
PENSIONER,Glynnis,Pacorro,002409417467,212,127,Glynnis.Pacorro141f@yebaccvs.com,1292.07,24,,
STUDENT,Madeleine,Arne,020403928991,228,77,Madeleine.Arne201n@yebaccvs.com,University B,1,Business,2616.40
PENSIONER,Silvana,Trace,221206815396,223,216,Silvana.Trace987f@yebaccvs.com,2477.52,40,,
PENSIONER,Gretal,Earlie,350403269796,178,178,Gretal.Earlie243u@yebaccvs.com,2968.63,26,,
STUDENT,Jaclyn,Alva,112522185135,206,177,Jaclyn.Alva239c@yebaccvs.com,University C,1,Biology,2796.93
EMPLOYEE,Bettine,Magdalen,831124189219,100,174,Bettine.Magdalen816c@yebaccvs.com,,,,
STUDENT,Berget,Eno,481011886308,106,171,Berget.Eno695r@yebaccvs.com,University B,1,Computer Science,3248.17
STUDENT,Gratia,Salvidor,340827416646,102,164,Gratia.Salvidor296e@yebaccvs.com,University C,5,Business,3218.46
EMPLOYEE,Robbi,Janith,341023581811,147,130,Robbi.Janith543z@yebaccvs.com,,,,
PENSIONER,Helsa,Marden,202227317252,210,145,Helsa.Marden482m@yebaccvs.com,1563.82,24,,
STUDENT,Paola,Melony,230508826768,108,89,Paola.Melony211j@yebaccvs.com,University A,1,Engineering,1571.53
EMPLOYEE,Susan,Heisel,170325600559,129,159,Susan.Heisel690e@yebaccvs.com,,,,
STUDENT,Flo,Tyson,700401858310,138,137,Flo.Tyson159a@yebaccvs.com,University C,4,Mathematics,1035.11
PENSIONER,Ezmeralda,Pelagias,280122563967,155,53,Ezmeralda.Pelagias733s@yebaccvs.com,3532.65,31,,
EMPLOYEE,Giustina,LaRue,880521361086,241,36,Giustina.LaRue122l@yebaccvs.com,,,,
PENSIONER,Aurore,Alwin,900301321569,156,138,Aurore.Alwin911q@yebaccvs.com,1526.28,42,,
STUDENT,Roslyn,Craggie,052108145633,185,78,Roslyn.Craggie334j@yebaccvs.com,University C,1,Business,2394.98
EMPLOYEE,Louella,Alarise,012703818123,160,73,Louella.Alarise794h@yebaccvs.com,,,,
PENSIONER,Almeta,Meli,991213898830,203,95,Almeta.Meli570e@yebaccvs.com,3537.06,36,,
PENSIONER,Corina,Munn,620505872541,219,46,Corina.Munn623n@yebaccvs.com,4097.47,34,,
PENSIONER,Tracey,Tengdin,130903933888,220,78,Tracey.Tengdin140m@yebaccvs.com,2219.83,44,,
PENSIONER,Sandie,Lynn,281216259589,203,42,Sandie.Lynn129f@yebaccvs.com,4825.22,24,,
PENSIONER,Maurene,Sadowski,640722650378,108,148,Maurene.Sadowski869d@yebaccvs.com,4366.23,36,,
PENSIONER,Rosene,Dowski,212923373539,230,52,Rosene.Dowski906q@yebaccvs.com,1848.26,40,,
EMPLOYEE,Jany,Klotz,311225256620,144,176,Jany.Klotz351z@yebaccvs.com,,,,
EMPLOYEE,Althea,Philoo,500601514090,244,192,Althea.Philoo290o@yebaccvs.com,,,,
PENSIONER,Tani,Thilda,760408625316,217,61,Tani.Thilda833f@yebaccvs.com,2079.66,28,,
EMPLOYEE,Emma,Dituri,940602349024,177,64,Emma.Dituri879h@yebaccvs.com,,,,
PENSIONER,Dale,Oriana,950322159471,196,145,Dale.Oriana712e@yebaccvs.com,4328.11,27,,
EMPLOYEE,Jennica,Aldric,231015798001,209,63,Jennica.Aldric795h@yebaccvs.com,,,,
STUDENT,Yolane,Durante,720212047519,143,80,Yolane.Durante841m@yebaccvs.com,University B,4,Computer Science,4343.53
PENSIONER,Sophia,Pyle,281108459766,109,90,Sophia.Pyle769r@yebaccvs.com,1214.21,36,,
EMPLOYEE,Gilda,Kare,031010108044,184,92,Gilda.Kare781y@yebaccvs.com,,,,
EMPLOYEE,Melanie,Pitt,690323569242,123,159,Melanie.Pitt158i@yebaccvs.com,,,,
STUDENT,Fernande,Martguerita,830617808266,219,191,Fernande.Martguerita624b@yebaccvs.com,University B,3,Engineering,1204.34
EMPLOYEE,Krystle,Dorine,510823142752,131,175,Krystle.Dorine607f@yebaccvs.com,,,,
PENSIONER,Marcelline,Nunci,590322553275,203,122,Marcelline.Nunci169j@yebaccvs.com,1900.15,33,,
STUDENT,Viki,Morgun,340709920032,206,91,Viki.Morgun318v@yebaccvs.com,University C,4,Mathematics,2501.18
EMPLOYEE,Joleen,Arathorn,750407665625,246,215,Joleen.Arathorn172i@yebaccvs.com,,,,
EMPLOYEE,Zia,Concha,190307160097,249,163,Zia.Concha2a@yebaccvs.com,,,,
STUDENT,Charissa,Stacy,233108430540,233,146,Charissa.Stacy15r@yebaccvs.com,University A,5,Mathematics,2194.22
STUDENT,Dolli,Ader,650528453018,149,96,Dolli.Ader850o@yebaccvs.com,University A,1,Biology,4323.47
PENSIONER,Gale,Bury,930928344609,234,71,Gale.Bury366f@yebaccvs.com,4829.78,25,,
EMPLOYEE,Joy,Garek,241220125485,109,77,Joy.Garek818h@yebaccvs.com,,,,
EMPLOYEE,Eugine,Stevy,801207026979,130,205,Eugine.Stevy753o@yebaccvs.com,,,,
EMPLOYEE,Daune,Slifka,122319638468,237,43,Daune.Slifka327v@yebaccvs.com,,,,
EMPLOYEE,Christian,Mallon,610621428118,209,86,Christian.Mallon375e@yebaccvs.com,,,,
EMPLOYEE,Ebonee,Bollay,270818190121,212,190,Ebonee.Bollay147d@yebaccvs.com,,,,
EMPLOYEE,Charmaine,Goddard,531224752839,226,164,Charmaine.Goddard536v@yebaccvs.com,,,,
PENSIONER,Rhoda,Andrel,670322627229,179,131,Rhoda.Andrel63y@yebaccvs.com,1734.86,25,,
EMPLOYEE,Calla,Ioab,510308202951,229,182,Calla.Ioab493d@yebaccvs.com,,,,
EMPLOYEE,Ronna,Cath,390404148210,196,60,Ronna.Cath999e@yebaccvs.com,,,,
PENSIONER,Carly,Keelia,950624917820,250,168,Carly.Keelia111v@yebaccvs.com,4009.60,30,,
EMPLOYEE,Frances,Meli,210303708758,101,77,Frances.Meli548f@yebaccvs.com,,,,
STUDENT,Harmonia,Connelly,900716855740,224,46,Harmonia.Connelly782e@yebaccvs.com,University A,4,Computer Science,1309.19
EMPLOYEE,Lonnie,Bettine,700402800085,152,191,Lonnie.Bettine667y@yebaccvs.com,,,,
PENSIONER,Lelah,Luhe,460312300334,180,186,Lelah.Luhe802s@yebaccvs.com,3261.74,20,,
STUDENT,Tressa,Maxi,390910367740,229,176,Tressa.Maxi110r@yebaccvs.com,University C,2,Mathematics,1926.02
PENSIONER,Eadie,Gunn,801116369887,126,171,Eadie.Gunn470o@yebaccvs.com,1140.30,35,,
PENSIONER,Cristine,Valoniah,930710539107,147,209,Cristine.Valoniah78d@yebaccvs.com,1332.43,27,,
PENSIONER,Jenda,Rustice,580215277146,169,115,Jenda.Rustice564c@yebaccvs.com,4270.75,44,,
PENSIONER,Chloris,Giule,202125687648,198,199,Chloris.Giule902v@yebaccvs.com,1158.97,42,,
PENSIONER,Maryellen,Emmaline,202213486119,186,119,Maryellen.Emmaline452o@yebaccvs.com,4068.70,33,,
STUDENT,Dawn,Zola,910520853085,166,220,Dawn.Zola519y@yebaccvs.com,University C,1,Engineering,3670.63
STUDENT,Mady,Hutchison,470826403286,122,114,Mady.Hutchison263f@yebaccvs.com,University B,3,Computer Science,4553.84
PENSIONER,Tersina,Moseley,590105328329,184,202,Tersina.Moseley518s@yebaccvs.com,2450.90,41,,
EMPLOYEE,Brynna,Chick,980425086306,246,46,Brynna.Chick194r@yebaccvs.com,,,,
STUDENT,Doro,Thema,021208921979,195,89,Doro.Thema797a@yebaccvs.com,University B,5,Biology,1929.80
STUDENT,Rayna,Raimondo,430226944936,145,181,Rayna.Raimondo218k@yebaccvs.com,University C,5,Engineering,1767.74
EMPLOYEE,Miquela,Parsaye,700216618704,166,212,Miquela.Parsaye380q@yebaccvs.com,,,,
PENSIONER,Neila,Meli,231204408442,219,72,Neila.Meli212y@yebaccvs.com,4763.55,42,,
PENSIONER,Ketti,Bury,391028580579,223,150,Ketti.Bury429o@yebaccvs.com,4702.45,27,,
STUDENT,Jorry,Abbot,770502151974,113,35,Jorry.Abbot821w@yebaccvs.com,University B,4,Engineering,1650.13
STUDENT,Gisela,Joli,310214083820,119,176,Gisela.Joli592s@yebaccvs.com,University B,4,Mathematics,3981.65
STUDENT,Celestyna,Burch,340414409854,204,132,Celestyna.Burch784w@yebaccvs.com,University A,5,Business,3410.10
STUDENT,Catrina,Nelsen,090910155596,194,87,Catrina.Nelsen436e@yebaccvs.com,University A,4,Biology,3331.25
PENSIONER,Eolanda,Lubin,110212266140,134,66,Eolanda.Lubin219e@yebaccvs.com,1992.21,28,,
STUDENT,Fina,Dichy,520126325815,102,91,Fina.Dichy259e@yebaccvs.com,University B,2,Biology,2790.20
PENSIONER,Tierney,Stuart,830610050048,103,173,Tierney.Stuart26v@yebaccvs.com,3292.28,24,,
PENSIONER,Karolina,Iphlgenia,310103255597,164,210,Karolina.Iphlgenia975c@yebaccvs.com,1389.09,26,,
EMPLOYEE,Lilith,Tound,230102310531,214,103,Lilith.Tound168v@yebaccvs.com,,,,
PENSIONER,Ivett,Bethany,022712171629,159,207,Ivett.Bethany642g@yebaccvs.com,4684.57,41,,
STUDENT,Brana,Fadiman,111228805667,150,151,Brana.Fadiman615u@yebaccvs.com,University B,5,Mathematics,1112.83
EMPLOYEE,Halette,Stilwell,113114941132,237,87,Halette.Stilwell361f@yebaccvs.com,,,,
STUDENT,Brianna,Adore,640912274381,178,173,Brianna.Adore785x@yebaccvs.com,University B,5,Business,2770.72
EMPLOYEE,Beatriz,Eiser,640406458949,151,86,Beatriz.Eiser901t@yebaccvs.com,,,,
STUDENT,Dagmar,Girardo,460916662715,209,138,Dagmar.Girardo888k@yebaccvs.com,University B,2,Engineering,4966.05
STUDENT,Sibella,Emerson,520627707549,170,151,Sibella.Emerson960o@yebaccvs.com,University C,5,Computer Science,1369.46
EMPLOYEE,Madelle,Alfons,521102914384,144,66,Madelle.Alfons386w@yebaccvs.com,,,,
EMPLOYEE,Nannie,Chrystel,180403464846,130,216,Nannie.Chrystel149r@yebaccvs.com,,,,
STUDENT,Evita,Katrine,060911612709,132,197,Evita.Katrine362t@yebaccvs.com,University C,4,Mathematics,1039.83
EMPLOYEE,Gaylene,Alarise,130405786303,199,88,Gaylene.Alarise605u@yebaccvs.com,,,,
EMPLOYEE,Kary,Jotham,182410587970,148,42,Kary.Jotham90o@yebaccvs.com,,,,
EMPLOYEE,Korrie,Cimbura,182324469868,130,121,Korrie.Cimbura855c@yebaccvs.com,,,,
STUDENT,Regina,Monk,022608876860,230,121,Regina.Monk159z@yebaccvs.com,University C,2,Business,1125.90
EMPLOYEE,Dede,Cordi,000322320192,240,175,Dede.Cordi374h@yebaccvs.com,,,,
EMPLOYEE,Rani,Cornelia,730607193475,114,72,Rani.Cornelia499a@yebaccvs.com,,,,
STUDENT,Dania,Martguerita,241026738712,161,39,Dania.Martguerita353w@yebaccvs.com,University C,4,Mathematics,4900.04
EMPLOYEE,Marjie,Chrystel,240501041522,133,174,Marjie.Chrystel578m@yebaccvs.com,,,,
STUDENT,Cherrita,Mike,840109287526,186,83,Cherrita.Mike734a@yebaccvs.com,University A,2,Biology,2137.94
EMPLOYEE,Millie,Sigfrid,040812394683,142,64,Millie.Sigfrid254z@yebaccvs.com,,,,
PENSIONER,Angelique,Mike,171117133585,128,90,Angelique.Mike995o@yebaccvs.com,3192.72,40,,
EMPLOYEE,Randa,Raffo,740815956652,225,190,Randa.Raffo842r@yebaccvs.com,,,,
EMPLOYEE,Feliza,Levey,290216142639,237,134,Feliza.Levey748s@yebaccvs.com,,,,
STUDENT,Julieta,Dudley,023222144561,102,158,Julieta.Dudley100r@yebaccvs.com,University B,1,Biology,3566.56
PENSIONER,Ekaterina,Yorick,232813639407,141,142,Ekaterina.Yorick454m@yebaccvs.com,1317.21,27,,
PENSIONER,Johna,Bevin,521128561061,198,216,Johna.Bevin229w@yebaccvs.com,2165.96,35,,
EMPLOYEE,Allyce,Cohdwell,561221537038,115,88,Allyce.Cohdwell760p@yebaccvs.com,,,,
STUDENT,Lindie,Sundin,661207623431,179,123,Lindie.Sundin957g@yebaccvs.com,University C,2,Biology,4065.44
PENSIONER,Louella,Alfons,400609446538,210,204,Louella.Alfons510n@yebaccvs.com,4331.88,30,,
STUDENT,Helena,Dorothy,132126499071,158,94,Helena.Dorothy867z@yebaccvs.com,University A,2,Mathematics,1897.62
PENSIONER,Sashenka,Pyle,030804844861,221,197,Sashenka.Pyle451n@yebaccvs.com,1395.76,21,,
PENSIONER,Alameda,Dimitris,290404281976,114,102,Alameda.Dimitris499z@yebaccvs.com,1181.42,36,,
STUDENT,Mireielle,Doig,080416507902,162,108,Mireielle.Doig302n@yebaccvs.com,University A,5,Computer Science,4562.21
STUDENT,Kimmy,Zaslow,560216530594,166,192,Kimmy.Zaslow670v@yebaccvs.com,University A,3,Computer Science,4252.54
EMPLOYEE,Marylou,Bergman,260827280891,212,165,Marylou.Bergman855o@yebaccvs.com,,,,
PENSIONER,Etta,Fadiman,390118688124,199,53,Etta.Fadiman63o@yebaccvs.com,4208.56,34,,
EMPLOYEE,Mureil,Clara,520318558623,140,161,Mureil.Clara424t@yebaccvs.com,,,,
STUDENT,Emilia,Isidore,150807337825,122,42,Emilia.Isidore478o@yebaccvs.com,University B,3,Mathematics,2168.43
STUDENT,Susette,Baptlsta,120125768070,243,210,Susette.Baptlsta738v@yebaccvs.com,University A,5,Mathematics,3983.32
EMPLOYEE,Judy,Chem,291024295207,127,106,Judy.Chem513h@yebaccvs.com,,,,
EMPLOYEE,Nariko,Leifeste,000911515700,223,180,Nariko.Leifeste625l@yebaccvs.com,,,,
PENSIONER,Kayla,Marden,950417910964,179,201,Kayla.Marden966b@yebaccvs.com,1630.85,28,,
STUDENT,Alameda,Isidore,103218487586,110,40,Alameda.Isidore526h@yebaccvs.com,University C,5,Mathematics,3819.49
STUDENT,Helsa,Howlyn,850908152372,134,206,Helsa.Howlyn859o@yebaccvs.com,University B,3,Engineering,1915.34
EMPLOYEE,Peri,Charmine,202909616614,169,202,Peri.Charmine462m@yebaccvs.com,,,,
STUDENT,Bobbi,Lareena,840718055855,188,214,Bobbi.Lareena541i@yebaccvs.com,University B,2,Computer Science,2146.83
PENSIONER,Glenda,Carey,930928930245,249,124,Glenda.Carey831s@yebaccvs.com,3618.93,33,,
STUDENT,Shirlee,Mathilde,730126968438,154,127,Shirlee.Mathilde578e@yebaccvs.com,University A,1,Business,1734.38
STUDENT,Calla,Janith,411021015301,170,214,Calla.Janith31j@yebaccvs.com,University B,4,Biology,4167.53
EMPLOYEE,Dyann,Smitt,202310715298,192,74,Dyann.Smitt609i@yebaccvs.com,,,,
STUDENT,Krystle,Lia,182519613152,126,104,Krystle.Lia545o@yebaccvs.com,University A,3,Biology,1462.09
PENSIONER,Halette,Narton,320120541766,204,107,Halette.Narton581c@yebaccvs.com,1324.94,41,,
PENSIONER,Alex,Peti,770826742107,154,128,Alex.Peti239o@yebaccvs.com,4186.31,41,,
STUDENT,Winny,Poppy,640506494626,185,191,Winny.Poppy927i@yebaccvs.com,University A,4,Business,1134.04
PENSIONER,Rani,Love,860701509803,192,68,Rani.Love602j@yebaccvs.com,3715.14,21,,
EMPLOYEE,Jobi,Ciro,330908462554,229,169,Jobi.Ciro428h@yebaccvs.com,,,,
PENSIONER,Thalia,Mata,092321371000,137,179,Thalia.Mata456v@yebaccvs.com,2606.62,35,,
EMPLOYEE,Vere,Goerke,610914560833,134,172,Vere.Goerke145n@yebaccvs.com,,,,
PENSIONER,Kimberley,Hirsch,840304347073,203,215,Kimberley.Hirsch708k@yebaccvs.com,3911.35,42,,
STUDENT,Minda,Judye,060109176507,214,106,Minda.Judye882m@yebaccvs.com,University B,2,Mathematics,2022.56
EMPLOYEE,Sibella,Philipp,020613142795,165,87,Sibella.Philipp553v@yebaccvs.com,,,,
EMPLOYEE,Marinna,Olin,153022737376,206,170,Marinna.Olin601k@yebaccvs.com,,,,
STUDENT,Judy,Gale,870108857661,170,88,Judy.Gale66z@yebaccvs.com,University C,2,Mathematics,4132.92
EMPLOYEE,Selma,Rosemary,980819277848,214,171,Selma.Rosemary360c@yebaccvs.com,,,,
EMPLOYEE,Nickie,Alfons,950405369319,237,79,Nickie.Alfons349c@yebaccvs.com,,,,
EMPLOYEE,Myrtice,Franza,431218370398,151,210,Myrtice.Franza314u@yebaccvs.com,,,,
PENSIONER,Rosene,Tatianas,890214442698,239,185,Rosene.Tatianas987w@yebaccvs.com,4826.66,32,,
STUDENT,Gaylene,Felecia,100927263436,216,177,Gaylene.Felecia932m@yebaccvs.com,University C,2,Biology,1712.36
EMPLOYEE,Donetta,Zina,470416315936,195,114,Donetta.Zina370z@yebaccvs.com,,,,
STUDENT,Marjie,Larochelle,190827148295,139,135,Marjie.Larochelle33o@yebaccvs.com,University B,5,Mathematics,2071.54
EMPLOYEE,Oona,Gilbertson,800517523013,223,204,Oona.Gilbertson929l@yebaccvs.com,,,,
EMPLOYEE,Emilia,Tarrant,820609893983,216,120,Emilia.Tarrant945j@yebaccvs.com,,,,
EMPLOYEE,Silvana,Evangelia,032121480903,225,106,Silvana.Evangelia185t@yebaccvs.com,,,,
PENSIONER,Elfreda,Timon,083127268941,174,178,Elfreda.Timon505i@yebaccvs.com,3044.02,38,,
STUDENT,Gerrie,Viddah,310221041498,155,154,Gerrie.Viddah738h@yebaccvs.com,University A,2,Computer Science,1051.46
STUDENT,Celene,Gaal,133208611782,187,194,Celene.Gaal718t@yebaccvs.com,University B,1,Mathematics,1652.04
EMPLOYEE,Viviene,Alrich,420401985182,185,93,Viviene.Alrich811b@yebaccvs.com,,,,
EMPLOYEE,Hermione,Egbert,690619820892,106,44,Hermione.Egbert381z@yebaccvs.com,,,,
EMPLOYEE,Mignon,Poppy,050119349292,147,187,Mignon.Poppy381c@yebaccvs.com,,,,
PENSIONER,Alexine,Dreda,350607667248,166,38,Alexine.Dreda979h@yebaccvs.com,1010.66,38,,
STUDENT,Elvira,Brian,371001310656,121,83,Elvira.Brian29z@yebaccvs.com,University A,4,Biology,1912.65
PENSIONER,Dulce,Isacco,232310036393,147,41,Dulce.Isacco812j@yebaccvs.com,1584.08,44,,
STUDENT,Blinni,Rossner,700825276018,110,154,Blinni.Rossner406y@yebaccvs.com,University B,4,Mathematics,3466.52
EMPLOYEE,Kaia,Aloise,920813595585,225,106,Kaia.Aloise685y@yebaccvs.com,,,,
PENSIONER,Carlie,Zaslow,173019003783,210,200,Carlie.Zaslow11g@yebaccvs.com,1050.11,42,,
EMPLOYEE,Nannie,Rona,203127060315,177,43,Nannie.Rona881q@yebaccvs.com,,,,
EMPLOYEE,Daphne,Jefferey,670311146297,243,198,Daphne.Jefferey555z@yebaccvs.com,,,,
EMPLOYEE,Nannie,Goldina,113113492596,165,56,Nannie.Goldina369a@yebaccvs.com,,,,
EMPLOYEE,Angelique,Hortensia,052722186348,150,178,Angelique.Hortensia271p@yebaccvs.com,,,,
EMPLOYEE,Kathy,Abram,421018474825,216,165,Kathy.Abram153s@yebaccvs.com,,,,
EMPLOYEE,Shaylyn,Rolf,020123265762,224,125,Shaylyn.Rolf258q@yebaccvs.com,,,,
STUDENT,Maurene,Afton,170720404000,249,73,Maurene.Afton937u@yebaccvs.com,University B,4,Engineering,1274.72
STUDENT,Ronna,Merriott,481020586015,138,184,Ronna.Merriott333i@yebaccvs.com,University C,1,Business,3645.05
PENSIONER,Nickie,Cassius,173023776803,185,209,Nickie.Cassius401e@yebaccvs.com,3197.85,25,,
PENSIONER,Anestassia,Liebermann,660521245832,188,216,Anestassia.Liebermann53d@yebaccvs.com,1597.69,24,,
STUDENT,Josephine,Dash,580812052312,245,119,Josephine.Dash414b@yebaccvs.com,University C,3,Business,2359.11
STUDENT,Alejandra,Adamsen,102805026354,162,145,Alejandra.Adamsen636w@yebaccvs.com,University A,3,Engineering,3859.13
STUDENT,Laure,Atonsah,062526658717,147,75,Laure.Atonsah219u@yebaccvs.com,University C,5,Business,1942.08
PENSIONER,Elsie,Naashom,060906314726,104,178,Elsie.Naashom535e@yebaccvs.com,3659.66,39,,
EMPLOYEE,Iseabal,Yam,230913474827,245,71,Iseabal.Yam117b@yebaccvs.com,,,,
PENSIONER,Gilligan,Berard,440307539466,139,168,Gilligan.Berard471i@yebaccvs.com,4501.43,29,,
PENSIONER,Dorthy,Maribeth,162518683979,231,168,Dorthy.Maribeth599v@yebaccvs.com,4339.63,42,,
PENSIONER,Tami,Jalbert,290621468912,138,86,Tami.Jalbert753t@yebaccvs.com,1794.62,44,,
STUDENT,Almeta,Federica,850406982380,226,197,Almeta.Federica964z@yebaccvs.com,University A,2,Computer Science,1402.40
STUDENT,Nessie,Johnsson,501217897527,120,63,Nessie.Johnsson686w@yebaccvs.com,University B,5,Engineering,1051.64
STUDENT,Heida,Lytton,921108735052,188,55,Heida.Lytton645g@yebaccvs.com,University C,2,Business,2191.36
PENSIONER,Kellen,Edison,213212318243,139,197,Kellen.Edison298z@yebaccvs.com,3207.56,38,,
EMPLOYEE,Helsa,Monaco,350419721782,135,135,Helsa.Monaco531w@yebaccvs.com,,,,
EMPLOYEE,Kerrin,Sprage,152315860605,219,208,Kerrin.Sprage836u@yebaccvs.com,,,,
STUDENT,Ginnie,Montgomery,941008231692,205,171,Ginnie.Montgomery460n@yebaccvs.com,University B,3,Biology,2410.34
EMPLOYEE,Clary,Judye,050824037832,149,101,Clary.Judye140f@yebaccvs.com,,,,
PENSIONER,Lexine,Donoghue,350201199336,145,177,Lexine.Donoghue251w@yebaccvs.com,3142.73,37,,
EMPLOYEE,Eugine,Verger,790619347182,141,73,Eugine.Verger845i@yebaccvs.com,,,,
EMPLOYEE,Kristina,Sancho,022506103170,226,95,Kristina.Sancho46m@yebaccvs.com,,,,
PENSIONER,Brena,Dahlia,172515262705,159,161,Brena.Dahlia997v@yebaccvs.com,2162.94,23,,
PENSIONER,Cathie,Delila,351106075235,104,171,Cathie.Delila843u@yebaccvs.com,2876.84,41,,
PENSIONER,Merle,Silvan,971227024976,130,75,Merle.Silvan826h@yebaccvs.com,3225.81,43,,
EMPLOYEE,Gavrielle,Dash,580812817344,138,103,Gavrielle.Dash549e@yebaccvs.com,,,,
STUDENT,Darci,Berriman,680207856384,149,161,Darci.Berriman423a@yebaccvs.com,University A,3,Biology,2083.96
PENSIONER,Candi,Ethban,042927107689,158,95,Candi.Ethban172i@yebaccvs.com,1566.74,37,,
STUDENT,Georgina,Talia,230207809784,213,205,Georgina.Talia468m@yebaccvs.com,University C,1,Mathematics,1314.77
EMPLOYEE,Catharine,Lorenz,691019773998,140,79,Catharine.Lorenz409y@yebaccvs.com,,,,
STUDENT,Letizia,Pascia,491020279344,135,122,Letizia.Pascia787p@yebaccvs.com,University B,1,Engineering,4090.15
STUDENT,Wanda,Slifka,280803501641,161,81,Wanda.Slifka972z@yebaccvs.com,University C,4,Business,2851.21
EMPLOYEE,Kelly,Calhoun,202528668663,114,216,Kelly.Calhoun662n@yebaccvs.com,,,,
STUDENT,Leontine,Leifeste,220905071151,107,127,Leontine.Leifeste731e@yebaccvs.com,University A,4,Mathematics,3464.26
PENSIONER,Joelly,Evangelia,641015100463,118,196,Joelly.Evangelia687b@yebaccvs.com,3505.40,36,,
EMPLOYEE,Jessy,Dunkin,991004872194,159,58,Jessy.Dunkin653j@yebaccvs.com,,,,
STUDENT,Joleen,Ries,411103753625,233,62,Joleen.Ries907t@yebaccvs.com,University C,4,Biology,4201.62
PENSIONER,Mellicent,Amadas,131224088464,117,198,Mellicent.Amadas671e@yebaccvs.com,4442.27,37,,
PENSIONER,Almeta,Eugenia,530412823925,196,58,Almeta.Eugenia804j@yebaccvs.com,2369.88,25,,
STUDENT,Tonia,Flyn,211009580293,144,149,Tonia.Flyn340q@yebaccvs.com,University B,3,Computer Science,2999.25
EMPLOYEE,Cassondra,Capello,950927573903,150,84,Cassondra.Capello224e@yebaccvs.com,,,,
EMPLOYEE,Vere,Clie,160427536002,211,41,Vere.Clie152n@yebaccvs.com,,,,
STUDENT,Tracey,Truc,020817103703,144,156,Tracey.Truc700j@yebaccvs.com,University B,5,Computer Science,3019.71
PENSIONER,Demetris,Roarke,660721539811,133,83,Demetris.Roarke480i@yebaccvs.com,3649.68,31,,
PENSIONER,Kaja,Lewes,451119828639,144,85,Kaja.Lewes314x@yebaccvs.com,1125.56,29,,
STUDENT,Tybie,Oneida,200528591928,140,94,Tybie.Oneida899f@yebaccvs.com,University A,5,Computer Science,1608.74
EMPLOYEE,Tobe,Presber,211002976528,194,132,Tobe.Presber742i@yebaccvs.com,,,,
EMPLOYEE,Carol-Jean,Kathie,130426294745,187,125,Carol-Jean.Kathie896m@yebaccvs.com,,,,
STUDENT,Felice,Bonucci,650705546212,221,160,Felice.Bonucci871g@yebaccvs.com,University A,3,Mathematics,2867.59
STUDENT,Adriana,Aloise,881115590840,147,73,Adriana.Aloise69x@yebaccvs.com,University C,3,Biology,1891.98
STUDENT,Barbi,Herrera,030907681982,199,171,Barbi.Herrera666d@yebaccvs.com,University C,4,Biology,4244.29
EMPLOYEE,Malina,Emerson,072408684359,180,197,Malina.Emerson223s@yebaccvs.com,,,,
STUDENT,Raf,Susannah,111206449646,202,109,Raf.Susannah48l@yebaccvs.com,University C,3,Engineering,1299.40
EMPLOYEE,Roberta,Daveta,092907610441,111,152,Roberta.Daveta247y@yebaccvs.com,,,,
STUDENT,Barbara,Sawtelle,540114591660,137,59,Barbara.Sawtelle958u@yebaccvs.com,University C,3,Business,2196.72
PENSIONER,Tobe,Tomasina,330208470363,165,187,Tobe.Tomasina121f@yebaccvs.com,1178.53,43,,
EMPLOYEE,Chere,Han,860904096812,148,167,Chere.Han262s@yebaccvs.com,,,,
PENSIONER,Rivalee,Amethist,910222382229,190,38,Rivalee.Amethist937i@yebaccvs.com,1386.96,36,,
PENSIONER,Amii,Lareena,731204365303,113,194,Amii.Lareena995h@yebaccvs.com,3181.37,39,,
EMPLOYEE,Marita,Longfellow,980622637245,187,194,Marita.Longfellow490w@yebaccvs.com,,,,
STUDENT,Babita,Susannah,680506156461,193,91,Babita.Susannah985i@yebaccvs.com,University A,3,Mathematics,2118.94
EMPLOYEE,Elbertina,Uund,881128885570,156,215,Elbertina.Uund252o@yebaccvs.com,,,,
PENSIONER,Vanessa,Faso,881109147344,165,160,Vanessa.Faso757t@yebaccvs.com,4444.04,31,,
STUDENT,Rori,Billye,740814292053,108,188,Rori.Billye716e@yebaccvs.com,University C,1,Biology,4662.87
EMPLOYEE,Tobe,Creamer,182414235377,232,176,Tobe.Creamer391b@yebaccvs.com,,,,
PENSIONER,Amii,Amethist,650707911099,222,91,Amii.Amethist732f@yebaccvs.com,1793.53,32,,
EMPLOYEE,Benita,Kazimir,911008429951,182,165,Benita.Kazimir224z@yebaccvs.com,,,,
PENSIONER,Darci,Riva,990411286811,247,109,Darci.Riva105k@yebaccvs.com,3861.36,22,,
EMPLOYEE,Feliza,Larochelle,340509202849,136,129,Feliza.Larochelle299o@yebaccvs.com,,,,
EMPLOYEE,Calla,Demitria,070314631037,178,124,Calla.Demitria429j@yebaccvs.com,,,,
PENSIONER,Linet,Bettine,112204234655,206,101,Linet.Bettine127n@yebaccvs.com,2679.51,25,,
PENSIONER,Melisent,Elephus,950924354331,178,212,Melisent.Elephus606d@yebaccvs.com,4102.50,21,,
EMPLOYEE,Kristan,Armanda,510719482685,146,88,Kristan.Armanda790m@yebaccvs.com,,,,
EMPLOYEE,Maridel,Ahab,072810355051,233,98,Maridel.Ahab13c@yebaccvs.com,,,,
PENSIONER,Asia,Granoff,890427253881,245,179,Asia.Granoff936g@yebaccvs.com,3943.96,40,,
PENSIONER,Binny,Thomasina,980102470070,206,100,Binny.Thomasina846a@yebaccvs.com,1563.08,43,,
EMPLOYEE,Iseabal,Argus,052212264968,197,157,Iseabal.Argus208v@yebaccvs.com,,,,
STUDENT,Donnie,Gaal,901107371909,236,133,Donnie.Gaal178e@yebaccvs.com,University A,2,Mathematics,4413.07
EMPLOYEE,Linzy,Flyn,220801227340,189,219,Linzy.Flyn1000a@yebaccvs.com,,,,
EMPLOYEE,Hildegaard,Ciapas,861114987655,127,113,Hildegaard.Ciapas166j@yebaccvs.com,,,,
EMPLOYEE,Lenna,Prouty,002410789141,138,110,Lenna.Prouty973a@yebaccvs.com,,,,
EMPLOYEE,Trudie,Thema,801206456148,147,37,Trudie.Thema258x@yebaccvs.com,,,,
PENSIONER,Tina,Haymes,470106496637,216,133,Tina.Haymes713n@yebaccvs.com,4449.45,28,,
EMPLOYEE,Rivalee,Christal,800719925526,192,214,Rivalee.Christal147c@yebaccvs.com,,,,
PENSIONER,Elka,Saint,850417551453,158,182,Elka.Saint812n@yebaccvs.com,1125.03,26,,
STUDENT,Candi,Chesna,460801532901,224,63,Candi.Chesna104u@yebaccvs.com,University C,1,Mathematics,3118.41
STUDENT,Nananne,Anastatius,880921344743,178,131,Nananne.Anastatius626q@yebaccvs.com,University A,3,Engineering,1456.48
STUDENT,Jean,Olin,620723689914,152,137,Jean.Olin945e@yebaccvs.com,University C,2,Business,3503.18
PENSIONER,Lizzie,Leopold,183204824559,149,212,Lizzie.Leopold368u@yebaccvs.com,2037.42,25,,
PENSIONER,Nananne,Shanley,690702441049,144,56,Nananne.Shanley347q@yebaccvs.com,2961.18,29,,
PENSIONER,Dennie,Tillford,900418332553,130,143,Dennie.Tillford172y@yebaccvs.com,4135.24,22,,
EMPLOYEE,Madelle,Charmine,221007997003,240,88,Madelle.Charmine667p@yebaccvs.com,,,,
PENSIONER,Rochette,Schwejda,420617055401,130,53,Rochette.Schwejda826i@yebaccvs.com,3604.88,35,,
EMPLOYEE,Maye,Fadiman,781016208765,201,78,Maye.Fadiman756d@yebaccvs.com,,,,
PENSIONER,Hermione,Chaing,600619789918,183,185,Hermione.Chaing394o@yebaccvs.com,3610.96,30,,
STUDENT,Jasmina,Grobe,361207400390,111,105,Jasmina.Grobe571s@yebaccvs.com,University B,5,Biology,4309.85
EMPLOYEE,Max,Bach,042625317807,238,171,Max.Bach859f@yebaccvs.com,,,,
STUDENT,Ileana,Revkah,680616009443,154,91,Ileana.Revkah532a@yebaccvs.com,University B,1,Mathematics,1200.33
STUDENT,Alex,Dominy,710609623035,183,148,Alex.Dominy853g@yebaccvs.com,University B,4,Engineering,2856.60
PENSIONER,Karina,Sabella,240215715477,171,168,Karina.Sabella223b@yebaccvs.com,4946.47,39,,
STUDENT,Zaria,Bivins,232503198213,114,52,Zaria.Bivins668z@yebaccvs.com,University A,5,Engineering,4502.59
STUDENT,Winifred,Melony,053204631062,225,52,Winifred.Melony278u@yebaccvs.com,University A,1,Computer Science,2197.65
EMPLOYEE,Blondelle,Arne,550902686256,236,116,Blondelle.Arne639h@yebaccvs.com,,,,
STUDENT,Adriana,Giule,112612831233,205,50,Adriana.Giule137j@yebaccvs.com,University B,5,Business,3343.39
PENSIONER,Stevana,Cyrie,162328012120,238,172,Stevana.Cyrie440i@yebaccvs.com,1446.74,34,,
PENSIONER,Joleen,Rolf,260824508611,224,44,Joleen.Rolf955a@yebaccvs.com,4283.94,21,,
EMPLOYEE,Jenilee,Means,390728440626,134,101,Jenilee.Means877h@yebaccvs.com,,,,
STUDENT,Cam,Uird,152628319425,169,205,Cam.Uird41p@yebaccvs.com,University C,3,Engineering,2036.90
PENSIONER,Sabina,Junie,690419205034,125,123,Sabina.Junie75m@yebaccvs.com,2065.39,34,,
STUDENT,Ursulina,Liebermann,042509919969,106,49,Ursulina.Liebermann552w@yebaccvs.com,University B,3,Business,3919.89
STUDENT,Mara,Berard,381107335167,166,94,Mara.Berard355l@yebaccvs.com,University A,2,Business,4329.94
PENSIONER,Randa,Ricarda,930214614466,199,113,Randa.Ricarda452n@yebaccvs.com,4989.89,43,,
STUDENT,Basia,Tamar,640827210364,108,114,Basia.Tamar979s@yebaccvs.com,University C,3,Mathematics,2106.29
EMPLOYEE,Jillayne,Jess,032619690829,249,141,Jillayne.Jess108d@yebaccvs.com,,,,
STUDENT,Wilma,Holtz,980904683004,226,50,Wilma.Holtz715h@yebaccvs.com,University B,1,Computer Science,4118.45
EMPLOYEE,Jobi,Lilybelle,430306174307,169,127,Jobi.Lilybelle708h@yebaccvs.com,,,,
PENSIONER,Collen,Weinreb,310714902373,238,46,Collen.Weinreb838w@yebaccvs.com,1794.25,31,,
STUDENT,Esmeralda,Edmund,610420734875,162,120,Esmeralda.Edmund378m@yebaccvs.com,University A,1,Biology,4897.88
ALLAH,Drucie,Thunell,911025481783,225,183,Drucie.Thunell511z@yebaccvs.com,2438.48,39,,
